Time,ID,LOGCAP,LOGLAB_01,LOGPROD
1958,3322,5.95661427,1.016769246,1.520566336
1959,3322,5.975335165,1.344386728,1.902681337
1960,3322,6.043819777,1.232323969,1.78389819
1961,3322,6.123807734,1.156057129,1.73826667
1962,3322,6.171491807,1.310334712,1.899857578
1963,3322,6.209997486,1.335322246,1.931649678
1964,3322,6.298949247,1.455622117,1.983967783
1965,3322,6.443813241,1.55131504,2.209272102
1966,3322,6.544343407,1.579581566,2.235440805
1967,3322,6.633450004,1.511208921,2.210784816
1968,3322,6.679975999,1.513647214,2.226087598
1969,3322,6.728030348,1.419637578,2.097025611
1970,3322,6.810252698,1.349981221,1.975493974
1971,3322,6.819579588,1.400975105,1.981219308
1972,3322,6.864743388,1.502605327,2.122604048
1973,3322,6.91631851,1.550552178,2.131349626
1974,3322,6.974291803,1.394306137,2.087715888
1975,3322,6.984808908,1.132335163,1.937907167
1976,3322,7.031211083,1.204707442,2.077745153
1977,3322,7.033418297,1.249777997,2.067652495
1978,3322,7.040974123,1.21762312,2.048252213
1979,3322,7.060132959,1.063081558,1.868641253
1980,3322,7.060905458,0.672645412,1.427681875
1981,3322,7.039309719,0.517467796,1.342384254
1982,3322,6.995857727,0.044468893,0.881798825
1983,3322,6.952633038,-0.121725419,0.876602507
1984,3322,6.919288515,0.118762505,1.076052651
1985,3322,6.901636598,0.078964441,1.02439834
1986,3322,6.873681299,0.009299694,0.823851462
1987,3322,6.832923968,-0.256183405,0.59663628
1988,3322,6.795034409,-0.186557341,0.67166959
1989,3322,6.753321226,-0.095202485,0.776245201
1990,3322,6.72287044,-0.092341064,0.567819618
1991,3322,6.684361696,-0.246853171,0.299865375
1992,3322,6.636471352,-0.333746829,0.197852094
1993,3322,6.587687746,-0.268399996,0.254648359
1994,3322,6.537995095,-0.269796059,0.376226236
1958,3339,4.779123493,-0.958090293,0.593639302
1959,3339,4.798266816,-0.863056238,0.658606063
1960,3339,5.098646171,-0.378133832,1.146146272
1961,3339,5.296315364,-0.446873168,1.046941537
1962,3339,5.481888143,-0.278164793,1.158634264
1963,3339,5.572534188,-0.182603932,1.253058795
1964,3339,5.618950539,-0.286240382,1.135907901
1965,3339,5.712742216,-0.038266006,1.191473658
1966,3339,5.898800862,0.162760615,1.412824526
1967,3339,6.146757432,0.15895188,1.455367479
1968,3339,6.243584207,0.204794779,1.485327903
1969,3339,6.360092765,0.285035246,1.542318337
1970,3339,6.47604886,0.243727353,1.545479709
1971,3339,6.540163823,0.186300278,1.485007723
1972,3339,6.630155542,0.033188825,1.306626087
1973,3339,6.659550297,0.12327257,1.508035146
1974,3339,6.758558973,0.479851953,1.94850512
1975,3339,7.168733969,0.482580063,2.361350909
1976,3339,7.301620029,0.688000529,2.137680674
1977,3339,7.406103381,0.49396708,2.001659851
1978,3339,7.440381533,0.58454018,2.004130528
1979,3339,7.437088574,0.601453016,2.024296627
1980,3339,7.460490306,0.667775837,2.144996496
1981,3339,7.488293515,0.553146862,1.966782198
1982,3339,7.471818306,0.591366165,1.91773438
1983,3339,7.502572725,0.477446568,2.112820546
1984,3339,7.462961358,0.543645699,1.765490628
1985,3339,7.475905969,0.577260536,1.230004271
1986,3339,7.52972864,0.361679714,1.544629634
1987,3339,7.496818906,0.501381165,1.622946262
1988,3339,7.448333861,0.544891177,2.193161445
1989,3339,7.408894137,0.596406629,2.243603872
1990,3339,7.376320374,0.622207712,2.070541082
1991,3339,7.334525154,0.544318713,1.903388393
1992,3339,7.308140841,0.418358769,1.689766812
1993,3339,7.270243294,0.342724813,1.616673612
1994,3339,7.231576398,0.289366111,1.676567502
1958,3356,6.1459009,0.721710269,1.834163609
1959,3356,6.18929029,0.882849926,2.039841779
1960,3356,6.2433899,0.861422782,1.867772924
1961,3356,6.307551844,0.948836192,2.04207934
1962,3356,6.41934325,1.029680935,1.999795253
1963,3356,6.508172834,0.916008357,2.134450867
1964,3356,6.573959458,0.927857977,2.127220961
1965,3356,6.728628613,1.009350298,2.251697395
1966,3356,6.858039687,1.192572543,2.489578021
1967,3356,6.977094757,1.127899805,2.381516137
1968,3356,7.091242822,1.06675116,2.341745234
1969,3356,7.16919604,1.159446342,2.344457435
1970,3356,7.234032869,1.081717234,2.283152886
1971,3356,7.260100865,1.020859113,2.231403682
1972,3356,7.275380054,1.023115719,2.210563604
1973,3356,7.267595209,1.141898839,2.43256978
1974,3356,7.296752194,1.182131617,2.598489003
1975,3356,7.367645439,0.993166424,2.427464396
1976,3356,7.400925968,0.975221666,2.420267608
1977,3356,7.431181185,1.006053738,2.282918544
1978,3356,7.430647804,1.113848647,2.498556965
1979,3356,7.453156227,1.200834795,2.736865665
1980,3356,7.445826352,1.250435481,2.937540888
1981,3356,7.454430556,1.165893618,2.821534371
1982,3356,7.494485831,1.127279499,2.453500139
1983,3356,7.519583938,1.075353447,2.47025783
1984,3356,7.535616993,1.07382878,2.394074513
1985,3356,7.542107413,1.099019084,2.436803845
1986,3356,7.537483312,1.123771941,2.461184068
1987,3356,7.53689713,1.126551657,2.474772135
1988,3356,7.53790941,1.163542028,2.590029787
1989,3356,7.534281772,1.21722032,2.664690723
1990,3356,7.531605971,1.207478114,2.6005173
1991,3356,7.514854255,1.109655341,2.33012004
1992,3356,7.500197755,1.031694825,2.310854404
1993,3356,7.486669365,1.073221925,2.403104085
1994,3356,7.456454555,1.003169617,2.460509063
1958,3312,11.03343054,4.461534524,5.381494015
1959,3312,11.01640536,4.537688776,5.488518522
1960,3312,11.030778,4.575535107,5.477522681
1961,3312,11.0244678,4.525264755,5.422011383
1962,3312,11.01291119,4.542262069,5.41972951
1963,3312,11.01258963,4.580296408,5.534104094
1964,3312,11.03269371,4.682127676,5.64122827
1965,3312,11.05764176,4.737433315,5.72365745
1966,3312,11.08994587,4.725000791,5.723203776
1967,3312,11.12965131,4.640930731,5.613678342
1968,3312,11.15884572,4.673379463,5.611858749
1969,3312,11.1792916,4.703773961,5.624076505
1970,3312,11.18828476,4.633724233,5.51988681
1971,3312,11.18208673,4.555534467,5.493345271
1972,3312,11.17197622,4.641725977,5.526395843
1973,3312,11.16752106,4.761601175,5.686259235
1974,3312,11.17396694,4.819170806,5.91088616
1975,3312,11.18260586,4.631715584,5.556272519
1976,3312,11.19041728,4.717409154,5.60062153
1977,3312,11.19406503,4.74186127,5.576729014
1978,3312,11.19362613,4.807155686,5.727210231
1979,3312,11.19104525,4.841532144,5.744215136
1980,3312,11.1881201,4.676528073,5.534784455
1981,3312,11.18375868,4.674948395,5.521419077
1982,3312,11.16467352,4.281799822,4.9252072
1983,3312,11.14203423,4.088005567,4.937780814
1984,3312,11.11316704,4.12071612,5.063513468
1985,3312,11.08688666,3.999241228,4.900523902
1986,3312,11.04355843,3.879969101,4.854049052
1987,3312,11.00462,3.879995559,5.062892457
1988,3312,10.9761408,3.943955045,5.242445736
1989,3312,10.95741623,3.910583304,5.193737031
1990,3312,10.93803587,3.892135224,5.099358579
1991,3312,10.92488397,3.784590509,4.836557667
1992,3312,10.89759822,3.79414807,4.941252422
1993,3312,10.86199834,3.775748344,4.995251103
1994,3312,10.84116789,3.794107477,5.119145199
1958,3331,6.391246872,0.792327836,1.784857848
1959,3331,6.406219702,0.625020817,1.772995378
1960,3331,6.428912701,0.950401695,2.141042783
1961,3331,6.461468176,0.917562399,2.015253453
1962,3331,6.504138462,0.948521079,2.129915942
1963,3331,6.561172099,0.966018778,2.264834854
1964,3331,6.588238483,0.94866497,2.140596455
1965,3331,6.616868076,1.021170766,2.335929997
1966,3331,6.684236657,1.069844674,2.442168119
1967,3331,6.844389403,0.629611462,2.08936956
1968,3331,6.945243723,0.889492905,2.520988772
1969,3331,7.035796629,1.144341657,2.998847532
1970,3331,7.151642191,1.191322124,2.88009128
1971,3331,7.234249327,1.083851109,2.118860714
1972,3331,7.369789739,1.214742374,2.475945948
1973,3331,7.498758986,1.232710404,2.675583529
1974,3331,7.660397031,1.264369715,2.945126341
1975,3331,7.733377044,1.165507738,1.935392146
1976,3331,7.788791821,1.13587163,2.615975957
1977,3331,7.762596049,1.060021461,2.746199274
1978,3331,7.852011311,1.088165052,2.523894614
1979,3331,7.875309305,1.057424561,2.968474916
1980,3331,7.868407335,0.814125697,2.409977763
1981,3331,7.875005249,0.975164725,2.421200413
1982,3331,7.805963503,0.68236612,1.64015081
1983,3331,7.833956737,0.548254702,2.001434681
1984,3331,7.877283414,0.391384784,0.658481985
1985,3331,7.911470636,0.158408347,1.236750693
1986,3331,7.888859494,-0.084786745,0.696818822
1987,3331,7.83129964,-0.314710745,1.489302111
1988,3331,7.790406494,-0.2318571,1.942894621
1989,3331,7.727226693,-0.186320643,2.052787841
1990,3331,7.673455652,-0.007544527,2.107829024
1991,3331,7.629781419,-0.012039335,2.098226934
1992,3331,7.61638203,0.163305126,2.08020664
1993,3331,7.641708454,0.207519219,2.12062997
1994,3331,7.754395781,0.411642632,2.527033502
1958,3332,2.821378886,-0.718264242,0.263483707
1959,3332,2.87356464,-1.067468753,0.126141264
1960,3332,2.895911938,-0.9026583,0.337712936
1961,3332,3.0301337,-0.922296865,-0.000802305
1962,3332,3.254242969,-0.989494292,0.090598948
1963,3332,3.424262655,-0.973493397,-0.174539372
1964,3332,3.496507561,-0.894591025,0.445957314
1965,3332,3.62700405,-0.888959455,0.547635644
1966,3332,3.992680908,-0.790596818,0.723530915
1967,3332,4.522874943,-0.893498367,0.396169159
1968,3332,4.956531035,-0.738294146,0.595731786
1969,3332,5.212759478,-0.536522062,0.527857055
1970,3332,5.24807615,-0.441086446,0.742344869
1971,3332,5.352331955,-0.599628636,0.072465136
1972,3332,5.396351107,-0.708276933,1.143524577
1973,3332,5.422744945,-0.659486769,1.221884859
1974,3332,5.500441551,-0.648017742,1.433950968
1975,3332,5.497577977,-0.579621862,0.875203903
1976,3332,5.52744299,-0.499216361,1.027102616
1977,3332,5.649678216,-0.653119966,1.183427135
1978,3332,5.596939379,-0.46849016,0.811443471
1979,3332,5.735926928,-0.481817834,1.98367073
1980,3332,5.782901679,-0.520513989,0.824910703
1981,3332,5.824228628,-0.477044965,-2.372162947
1982,3332,5.854211954,-0.674771657,0.104236815
1983,3332,5.886659433,-0.787267334,0.220726721
1984,3332,5.84932478,-0.720531471,-0.127056649
1985,3332,5.864766894,-0.688889514,-0.664043515
1986,3332,5.924523141,-0.901901968,-0.351758018
1987,3332,5.876614705,-2.673648774,-1.061316504
1988,3332,5.810542011,-2.623673327,-0.490691018
1989,3332,5.761422254,-2.584215916,-0.440525247
1990,3332,5.717027701,-2.551045341,-0.613379262
1991,3332,5.66711849,-2.633735117,-0.781587293
1992,3332,5.629777061,-2.759139351,-0.994408555
1993,3332,5.584247906,-2.837673685,-1.06726734
1994,3332,5.538514672,-2.886874482,-1.007298807
1958,3333,6.046189447,0.155978254,0.944156713
1959,3333,6.058655797,0.177903199,1.049904011
1960,3333,6.058422015,0.184393166,1.195994078
1961,3333,6.058655797,0.210506788,1.068551021
1962,3333,6.040730788,0.229954469,0.956415857
1963,3333,6.082675427,0.199651944,1.203690429
1964,3333,6.083359812,0.282186036,1.560750047
1965,3333,6.108580694,0.281111797,1.419165818
1966,3333,6.158037747,0.321904583,1.445489793
1967,3333,6.291939441,0.277609424,1.302053969
1968,3333,6.372978434,0.372588235,1.186224813
1969,3333,6.377237022,0.45029882,1.287561861
1970,3333,6.371782773,0.382215062,1.196176502
1971,3333,6.347564326,0.186300278,0.785507648
1972,3333,6.366814031,0.097137549,1.086777432
1973,3333,6.374513616,0.081599874,1.23673996
1974,3333,6.423084613,-0.024008035,1.480310354
1975,3333,6.448572888,-0.139025662,1.153349533
1976,3333,6.481117606,-0.129634139,1.031034469
1977,3333,6.558339637,-0.163037809,0.677864681
1978,3333,6.595370594,-0.11310139,0.686756745
1979,3333,6.711253659,0.038577241,0.935248186
1980,3333,6.684861696,-0.320051345,-0.106693344
1981,3333,6.694314503,-0.499335654,0.301525827
1982,3333,6.627512136,-0.85296382,-0.343237702
1983,3333,6.629891515,-1.115358945,0.116068558
1984,3333,6.568779912,-1.138349347,0.043689748
1985,3333,6.537415973,-1.094354622,-0.204834131
1986,3333,6.477741298,-1.243463274,-0.498130341
1987,3333,6.403408621,-1.152013065,0.123102197
1988,3333,6.305362462,-1.109278963,0.693175795
1989,3333,6.238519918,-1.057086651,0.743569674
1990,3333,6.169819916,-1.030501454,0.57086376
1991,3333,6.103899976,-1.10977635,0.403300963
1992,3333,6.041444479,-1.235985808,0.190199883
1993,3333,5.978632568,-1.310393391,0.11708987
1994,3333,5.917010361,-1.365238773,0.176787296
1958,3334,8.414163291,1.088094027,2.621787549
1959,3334,8.426173793,1.188694503,2.790108953
1960,3334,8.42156296,1.173545247,2.80479754
1961,3334,8.417593826,1.092026277,2.753893729
1962,3334,8.39212871,1.171400394,2.778721904
1963,3334,8.407713091,1.229665916,2.824400603
1964,3334,8.419183371,1.313415328,2.904272386
1965,3334,8.443848005,1.364001793,3.030811237
1966,3334,8.483615725,1.396475388,3.135453221
1967,3334,8.543951961,1.4968497,3.217991602
1968,3334,8.573384471,1.529750622,3.251032777
1969,3334,8.609261759,1.631432133,3.172819681
1970,3334,8.638560906,1.654306038,3.081483648
1971,3334,8.638596333,1.57153923,2.903729704
1972,3334,8.651706602,1.678758504,2.990454817
1973,3334,8.674914631,1.833571093,3.161262542
1974,3334,8.740512727,1.841265283,3.338413943
1975,3334,8.750635528,1.743511899,3.162732761
1976,3334,8.746557355,1.861751639,3.291475024
1977,3334,8.769320622,1.994181434,3.530344676
1978,3334,8.760327588,2.081717894,3.452999463
1979,3334,8.75126877,2.175613609,3.51236103
1980,3334,8.74630291,2.202375976,3.630327696
1981,3334,8.766861822,2.114674052,3.374210623
1982,3334,8.782230802,1.816056126,2.585885702
1983,3334,8.789355452,1.784891313,2.870693483
1984,3334,8.785141834,1.843215241,2.928792393
1985,3334,8.771153006,1.645470483,2.222800099
1986,3334,8.717289176,1.429699668,2.335979909
1987,3334,8.643103114,1.436274293,2.944491609
1988,3334,8.569500971,1.585982082,3.567625202
1989,3334,8.499477186,1.608054183,3.307189538
1990,3334,8.436807091,1.616421486,2.984386493
1991,3334,8.381923145,1.610447915,2.658297481
1992,3334,8.332163972,1.635638967,2.609822855
1993,3334,8.276801747,1.488601996,2.247485323
1994,3334,8.215898892,1.428485765,2.673974359
1958,3341,6.442062345,0.519683641,1.664137289
1959,3341,6.446988855,0.683969742,1.776601151
1960,3341,6.461780628,0.728945908,1.767319953
1961,3341,6.501589926,0.775311173,1.832747548
1962,3341,6.519884479,0.789957329,1.862960693
1963,3341,6.569621663,0.71323619,2.040815262
1964,3341,6.608270494,0.844304954,2.17780113
1965,3341,6.687482603,0.796851436,2.058399234
1966,3341,6.76029881,0.858599587,2.230339621
1967,3341,6.807603397,0.880561525,2.121594154
1968,3341,6.885918584,0.946045074,2.202890681
1969,3341,6.960157958,0.977124785,2.327051502
1970,3341,7.034211703,0.866461048,2.167578895
1971,3341,7.049688775,0.799316843,1.968165674
1972,3341,7.081708586,0.970021829,2.304390338
1973,3341,7.09845828,0.957954743,2.551680852
1974,3341,7.136960422,1.081808895,3.072050411
1975,3341,7.184174159,0.918671829,2.411775771
1976,3341,7.290292882,0.994400336,2.450930577
1977,3341,7.377821406,1.073070282,2.584519121
1978,3341,7.444307127,1.111733363,2.532626051
1979,3341,7.480710274,1.333304409,2.785115286
1980,3341,7.532677151,1.191075635,2.664949394
1981,3341,7.604595631,1.216896172,2.427147567
1982,3341,7.64377036,1.059423637,1.981864251
1983,3341,7.633514847,0.952416878,2.239056564
1984,3341,7.650787262,1.015381749,2.323672039
1985,3341,7.660915129,0.866271512,2.108800798
1986,3341,7.647165624,0.771439746,2.149725937
1987,3341,7.631722602,0.621113978,2.248445647
1988,3341,7.61682502,0.717538118,2.434947575
1989,3341,7.620901146,0.831687613,2.534516885
1990,3341,7.620803121,0.793804657,2.295492135
1991,3341,7.603499085,0.682857628,1.953197481
1992,3341,7.62554629,0.756972759,2.374853535
1993,3341,7.624228285,0.741139363,2.460643682
1994,3341,7.617759577,0.846992193,2.759698426
1958,3351,7.248859628,1.780032748,2.77063872
1959,3351,7.28954226,1.953710186,2.977389527
1960,3351,7.310349604,1.754098607,2.761124365
1961,3351,7.32593916,1.800713339,2.795508012
1962,3351,7.365686327,1.880279415,2.788630281
1963,3351,7.408651772,1.909909692,2.781040027
1964,3351,7.455645447,1.944820193,2.860920793
1965,3351,7.522724678,1.965958735,3.002860843
1966,3351,7.58928524,2.046721622,3.349202349
1967,3351,7.658085873,1.907809328,3.076083974
1968,3351,7.716416256,1.937555907,3.098765821
1969,3351,7.747294548,2.018018279,3.113386647
1970,3351,7.82084088,1.877959924,2.914117686
1971,3351,7.835500161,1.844729259,2.855197274
1972,3351,7.823565896,1.950388868,2.97102712
1973,3351,7.837712202,2.032361457,3.161066885
1974,3351,7.867718339,1.929926848,3.053134274
1975,3351,7.860647913,1.654958502,2.595688879
1976,3351,7.852050207,1.819848505,2.887781999
1977,3351,7.853721311,1.76415287,2.820141358
1978,3351,7.861495926,1.819333561,2.934676147
1979,3351,7.873635855,1.917605991,2.9933387
1980,3351,7.8786857,1.720974403,2.712630265
1981,3351,7.873788103,1.70965909,2.739262434
1982,3351,7.867373664,1.329810083,2.417001982
1983,3351,7.865955414,1.393038243,2.594938972
1984,3351,7.864573562,1.466472402,2.636318986
1985,3351,7.865993771,1.351813379,2.413334711
1986,3351,7.864995997,1.359490926,2.499380012
1987,3351,7.849635782,1.430789601,2.778943488
1988,3351,7.847137342,1.457698564,2.861289568
1989,3351,7.861264721,1.452970232,2.7430008
1990,3351,7.852555719,1.418378705,2.711763952
1991,3351,7.861534455,1.35502579,2.467012497
1992,3351,7.847215513,1.277105177,2.50754974
1993,3351,7.834194342,1.330845917,2.58777258
1994,3351,7.844005489,1.438121608,2.948868103
1958,3353,7.812054398,1.437252873,2.427091673
1959,3353,7.852788946,1.609165252,2.551496934
1960,3353,7.877586778,1.526863211,2.401128998
1961,3353,7.910003499,1.557524412,2.440491069
1962,3353,7.935658939,1.623673772,2.506178893
1963,3353,7.95096056,1.709238996,2.660562101
1964,3353,7.970014738,1.743885415,2.551647082
1965,3353,8.022437748,1.826470853,2.613781643
1966,3353,8.097669726,1.943225634,2.777062758
1967,3353,8.145926591,1.859635412,2.832285644
1968,3353,8.189660874,1.891460791,2.862226222
1969,3353,8.222446221,1.950385789,2.889680578
1970,3353,8.284302289,1.835009816,2.751726533
1971,3353,8.307829264,1.853130989,2.740645082
1972,3353,8.322807151,1.92617291,2.82605985
1973,3353,8.328088682,2.029938682,3.067604132
1974,3353,8.34188697,2.032670971,3.39624027
1975,3353,8.345004127,1.82704265,2.939384186
1976,3353,8.353779744,2.026874755,3.071294538
1977,3353,8.367021253,2.113032526,3.139910664
1978,3353,8.391947378,2.211403853,3.395076815
1979,3353,8.434463544,2.245280563,3.324684387
1980,3353,8.484132665,2.192254279,3.17065118
1981,3353,8.540499478,2.188985687,3.159221899
1982,3353,8.566288071,2.015652856,2.60536145
1983,3353,8.566288071,2.06183541,2.829719894
1984,3353,8.585561868,2.022466362,2.927863079
1985,3353,8.611775834,1.981420359,2.940442437
1986,3353,8.623083567,1.931609928,3.138608002
1987,3353,8.650552069,1.885553349,2.884800713
1988,3353,8.686699651,1.896519775,2.941970332
1989,3353,8.720770567,1.875571622,2.854775483
1990,3353,8.768387613,1.864743947,3.113071877
1991,3353,8.792261038,1.802659898,3.105476524
1992,3353,8.789690558,1.801591193,3.305947336
1993,3353,8.761659782,1.777865096,3.100085469
1994,3353,8.738110266,1.725084204,3.083203575
1958,3354,7.328371691,0.955252527,1.945178213
1959,3354,7.369348641,1.127462245,2.069816776
1960,3354,7.394247226,1.045711875,1.919336161
1961,3354,7.426608594,1.075651642,1.958853765
1962,3354,7.452344445,1.141355216,2.0244203
1963,3354,7.467713865,1.227691582,2.178937328
1964,3354,7.486837503,1.262074998,2.069759647
1965,3354,7.539186618,1.344632766,2.131852503
1966,3354,7.614460137,1.461062966,2.295346836
1967,3354,7.662843861,1.377774508,2.350620075
1968,3354,7.706657897,1.40972866,2.380420244
1969,3354,7.739533328,1.468719047,2.407916917
1970,3354,7.801432236,1.353435456,2.269726188
1971,3354,7.825045511,1.371103166,2.258861666
1972,3354,7.840076828,1.445670309,2.344228642
1973,3354,7.825285243,1.567547003,2.5281932
1974,3354,7.845611789,1.47982831,2.727481123
1975,3354,7.830664063,1.115962001,2.197498101
1976,3354,7.804903965,1.326209654,2.34037433
1977,3354,7.787382026,1.515365929,2.459069962
1978,3354,7.788294473,1.585897199,2.59302504
1979,3354,7.791522819,1.601821615,2.686776331
1980,3354,7.78638568,1.514774789,2.560492838
1981,3354,7.783682245,1.468005955,2.459770897
1982,3354,7.770898367,1.393399718,2.30858551
1983,3354,7.771151435,1.453810941,2.333482469
1984,3354,7.775107836,1.554214323,2.562408432
1985,3354,7.787796878,1.556093116,2.514180717
1986,3354,7.786676383,1.53602126,2.430030569
1987,3354,7.785887134,1.618794007,2.64240885
1988,3354,7.772752716,1.587367261,2.685386136
1989,3354,7.766120244,1.608054183,2.646694622
1990,3354,7.763871288,1.560958467,2.576538243
1991,3354,7.75328014,1.480097037,2.509899299
1992,3354,7.754524428,1.349327246,2.451439101
1993,3354,7.738923757,1.42540286,2.619211153
1994,3354,7.738357395,1.54135097,2.807784373
1958,3355,5.238036436,-1.056208149,-0.06639872
1959,3355,5.287761853,-0.880005797,0.058263842
1960,3355,5.316648323,-0.964900609,-0.091728084
1961,3355,5.352331955,-0.931030545,-0.050457896
1962,3355,5.380358077,-0.868657819,0.016251312
1963,3355,5.398615088,-0.779337383,0.168793955
1964,3355,5.421419564,-0.750948323,0.061545615
1965,3355,5.476045054,-0.662646329,0.121197413
1966,3355,5.555669089,-0.549434761,0.284429472
1967,3355,5.607638614,-0.630555901,0.340835896
1968,3355,5.65459223,-0.600143808,0.370553646
1969,3355,5.691372455,-0.541341349,0.398816864
1970,3355,5.755425708,-0.65802522,0.260325244
1971,3355,5.781669013,-0.637368964,0.249651386
1972,3355,5.79818315,-0.155758407,0.334341086
1973,3355,5.816217904,-0.019043652,0.964135778
1974,3355,5.852777027,-0.034913269,1.065889601
1975,3355,5.90481674,-0.354404338,1.013067578
1976,3355,5.943061808,-0.142239348,1.093158371
1977,3355,5.976350909,-0.026721252,1.345312618
1978,3355,6.006599435,0.10607032,1.348233584
1979,3355,6.070968648,0.146790826,1.740203583
1980,3355,6.14525802,0.08790753,2.004573718
1981,3355,6.161840033,0.032978735,1.808563165
1982,3355,6.166047908,-0.658807806,-1.02326994
1983,3355,6.125120932,-0.779869026,0.450532762
1984,3355,6.105908682,-0.859177964,0.59345618
1985,3355,6.094246742,-0.916234752,0.574893671
1986,3355,6.070275728,-1.008955965,0.234074567
1987,3355,6.024899323,-1.771956842,0.088926209
1988,3355,5.982676041,-1.805363003,0.453331667
1989,3355,5.951423498,-1.928809064,-0.756088803
1990,3355,5.900445149,-2.033346838,-0.714334484
1991,3355,5.851915082,-1.672678371,-0.249070467
1992,3355,5.832175689,-1.356315688,0.081886532
1993,3355,5.794841206,-1.403260075,0.45659701
1994,3355,5.751937517,-1.661395473,0.367312528
1958,3313,6.978493293,0.563486263,1.858492956
1959,3313,6.962811485,0.685757052,1.878596684
1960,3313,6.986289157,0.607149772,1.625137173
1961,3313,6.967626676,0.527176398,1.625108183
1962,3313,6.939060129,0.563324726,1.702525972
1963,3313,6.951580759,0.538489179,1.590768911
1964,3313,6.96432463,0.673347156,1.611764168
1965,3313,6.975694262,0.659953037,1.956319
1966,3313,7.001063456,0.574495336,1.836400064
1967,3313,7.032006241,0.589472294,1.78246352
1968,3313,7.065698757,0.627734518,1.762433196
1969,3313,7.091825306,0.652434717,1.873536697
1970,3313,7.097300681,0.656141759,1.670006538
1971,3313,7.103650956,0.588948483,1.824026267
1972,3313,7.129297549,0.55853121,1.66685905
1973,3313,7.142906449,0.579146228,1.579987355
1974,3313,7.189092264,0.592525115,2.200556888
1975,3313,7.245583738,0.492103945,1.999335918
1976,3313,7.286602589,0.480857319,1.670786392
1977,3313,7.330143054,0.582467008,1.554353603
1978,3313,7.337913,0.556343678,1.385153281
1979,3313,7.340446373,0.699053639,1.851072609
1980,3313,7.314552832,0.5572883,1.723161258
1981,3313,7.292609433,0.436436213,1.542257183
1982,3313,7.320791653,0.000983781,0.747089536
1983,3313,7.280697195,-0.226238118,0.773999035
1984,3313,7.227952943,-0.026268841,1.2808882
1985,3313,7.188337205,-0.164322262,1.195253552
1986,3313,7.136880902,-0.375462832,0.757533984
1987,3313,7.09796233,-0.291690094,1.083837003
1988,3313,7.071912865,0.005814552,1.592692192
1989,3313,7.045166635,0.059240893,1.577171744
1990,3313,7.014365014,-0.034090708,1.352203653
1991,3313,6.974665984,-0.081845647,1.17399775
1992,3313,6.942639681,-0.05286851,1.252306577
1993,3313,6.898108902,-0.090041694,1.14765214
1994,3313,6.855514167,-0.083953372,1.175316126
1958,3357,7.018401799,1.923939393,2.944731633
1959,3357,7.060218822,2.035683769,3.105966438
1960,3357,7.14076995,2.029913813,3.075733447
1961,3357,7.224243443,1.983891182,2.815165692
1962,3357,7.307671688,2.062861084,3.097637778
1963,3357,7.367834827,2.094974734,3.129002377
1964,3357,7.419140746,2.109641603,3.233853804
1965,3357,7.508951631,2.270739112,3.474543496
1966,3357,7.643626644,2.403355599,3.75046366
1967,3357,7.863305185,2.384355435,3.711747004
1968,3357,8.022372142,2.305051821,3.515565868
1969,3357,8.088960866,2.346073815,3.523008728
1970,3357,8.139848959,2.302827419,3.591941692
1971,3357,8.203851372,2.250596054,3.466941796
1972,3357,8.261862136,2.400165022,3.563979035
1973,3357,8.300925944,2.477946559,3.708490744
1974,3357,8.354250643,2.460717832,3.923222971
1975,3357,8.390994846,2.16667262,3.513279907
1976,3357,8.409073317,2.252383229,3.530871614
1977,3357,8.412920972,2.341618437,3.597076761
1978,3357,8.428143375,2.386560725,3.662699347
1979,3357,8.452185227,2.394432245,3.735531152
1980,3357,8.457804056,2.347098831,3.678424205
1981,3357,8.474452691,2.311325384,3.611806919
1982,3357,8.490356281,2.282888669,3.500888013
1983,3357,8.500799547,2.259609708,3.437794227
1984,3357,8.507425644,2.366138613,3.626775467
1985,3357,8.515772182,2.285762587,3.58561961
1986,3357,8.524824003,2.225170212,3.528975259
1987,3357,8.521304727,2.312634429,3.744668876
1988,3357,8.516112608,2.332623104,3.813480811
1989,3357,8.515331459,2.309376809,3.808197383
1990,3357,8.515792211,2.230200886,3.723933121
1991,3357,8.509967146,2.184698648,3.61942155
1992,3357,8.517233191,2.247309414,3.716334453
1993,3357,8.518032839,2.268271789,3.802423058
1994,3357,8.544808358,2.339339591,3.884247289
1958,3361,6.930885696,1.45246872,2.090872649
1959,3361,6.960252848,1.679669982,2.336816639
1960,3361,7.008143453,1.664940066,2.304772975
1961,3361,7.021530293,1.631892469,2.282215427
1962,3361,7.035796629,1.808569909,2.517247074
1963,3361,7.049775539,1.770796889,2.450943742
1964,3361,7.086821543,1.832783448,2.540444672
1965,3361,7.142985491,1.906190302,2.655444584
1966,3361,7.216856319,1.993723519,2.762551023
1967,3361,7.260803655,2.014265134,2.766006479
1968,3361,7.302092029,2.058309452,2.83747882
1969,3361,7.380006381,2.112784759,2.885137608
1970,3361,7.422612764,1.976973812,2.744030899
1971,3361,7.429817535,1.891815242,2.710846789
1972,3361,7.454141078,2.060281401,2.862927771
1973,3361,7.459166069,2.190651859,2.980563458
1974,3361,7.532355917,2.191131747,2.998266892
1975,3361,7.61574181,2.0035266,2.814863309
1976,3361,7.658935491,2.157169458,2.983927562
1977,3361,7.691565494,2.213800131,3.080045675
1978,3361,7.747121769,2.296356588,3.132863646
1979,3361,7.830981902,2.357035683,3.20772246
1980,3361,7.858254182,2.243312198,3.117373221
1981,3361,7.885366861,2.228731444,3.094715061
1982,3361,7.893012215,2.087127956,2.938070468
1983,3361,7.893758623,2.099108552,3.01526121
1984,3361,7.898893709,2.293229273,3.185491427
1985,3361,7.921354193,2.273158057,3.105586277
1986,3361,7.935623163,2.228835865,3.078822834
1987,3361,7.938766584,2.238899541,3.137101619
1988,3361,7.953564362,2.240676571,3.188305638
1989,3361,7.973878811,2.211064347,3.157757935
1990,3361,7.972845254,2.145561283,3.029464922
1991,3361,7.966725432,2.048284546,2.971934056
1992,3361,7.971845134,2.081366427,3.122919472
1993,3361,7.986232885,2.146511585,3.160633595
1994,3361,8.040736788,2.261125428,3.364526636
1958,3362,6.091988385,0.638177156,1.369415333
1959,3362,6.120077615,0.785925541,1.54093197
1960,3362,6.128396402,0.778298028,1.569232982
1961,3362,6.101887228,0.806661703,1.643321165
1962,3362,6.100318952,0.884422795,1.666457526
1963,3362,6.102558595,0.786517374,1.581100328
1964,3362,6.127960292,0.842875361,1.660301679
1965,3362,6.17336935,0.888142856,1.753493463
1966,3362,6.181051315,0.98352551,1.928580063
1967,3362,6.201928045,1.009618637,1.94280617
1968,3362,6.23754307,0.902738132,1.832337045
1969,3362,6.28133173,0.922763576,1.830751781
1970,3362,6.288230238,0.990831641,1.887708173
1971,3362,6.332568896,0.911624599,1.726745319
1972,3362,6.336117516,0.853508781,1.753678574
1973,3362,6.359573869,0.87488117,1.816075765
1974,3362,6.42745886,0.801992434,1.785311462
1975,3362,6.414769573,0.626079551,1.62792983
1976,3362,6.392754284,0.640821969,1.657941224
1977,3362,6.419017252,0.609059268,1.584485008
1978,3362,6.436631022,0.628406862,1.571627835
1979,3362,6.451733447,0.793356939,1.795942427
1980,3362,6.502790046,0.683687622,1.790502281
1981,3362,6.507874549,0.590357193,1.6404894
1982,3362,6.491178666,0.483337731,1.4976262
1983,3362,6.473582007,0.458398373,1.502112136
1984,3362,6.476510718,0.544905939,1.576008602
1985,3362,6.481423978,0.537472285,1.498973891
1986,3362,6.456612657,0.515010217,1.472177096
1987,3362,6.429880755,0.279145741,1.310762299
1988,3362,6.387720716,0.296616752,1.34762437
1989,3362,6.381477551,0.366053983,1.347851759
1990,3362,6.373490423,0.237931351,1.240432196
1991,3362,6.352629396,0.164867707,1.22305533
1992,3362,6.332391134,0.20956425,1.318849968
1993,3362,6.305179797,0.200119253,1.351981057
1994,3362,6.256517502,0.15626674,1.263366291
1958,3369,6.060524083,0.865855863,1.579160501
1959,3369,6.089271607,0.973885454,1.681650835
1960,3369,6.115008733,0.880443107,1.658304341
1961,3369,6.111023782,0.744589274,1.485822642
1962,3369,6.11146734,0.861629786,1.631043989
1963,3369,6.116774738,0.972416752,1.737528574
1964,3369,6.151242223,0.992724959,1.824240951
1965,3369,6.224162311,1.050124729,1.850855978
1966,3369,6.248236279,1.310462514,2.164094906
1967,3369,6.318066807,1.395460474,2.299789708
1968,3369,6.374854448,1.359496534,2.333484255
1969,3369,6.437591637,1.37799381,2.304578646
1970,3369,6.499185356,1.175792592,1.996740195
1971,3369,6.474353552,0.984491469,1.787263564
1972,3369,6.471573198,1.156647112,2.035433448
1973,3369,6.486160789,1.192897322,2.11449607
1974,3369,6.540019388,1.07025642,2.056517517
1975,3369,6.515897174,0.826373351,1.796972335
1976,3369,6.485703367,0.916842102,1.92604077
1977,3369,6.520768392,0.915081959,1.964662509
1978,3369,6.549221466,0.985510898,2.027706416
1979,3369,6.575772948,1.022793609,2.087743653
1980,3369,6.600822427,0.944413885,1.940657827
1981,3369,6.605297921,0.894613758,1.924487337
1982,3369,6.610965188,0.749858853,1.723123616
1983,3369,6.601637644,0.775037457,1.854262185
1984,3369,6.622204268,0.790958858,1.934187019
1985,3369,6.632001777,0.797088905,1.924995903
1986,3369,6.628570337,0.871069587,1.914448585
1987,3369,6.625259733,0.842428883,1.973942127
1988,3369,6.621405652,0.84994807,1.996451151
1989,3369,6.627776791,0.91900308,2.055057447
1990,3369,6.624994411,0.924342111,2.036966993
1991,3369,6.616868076,0.840249801,1.939235433
1992,3369,6.616199045,0.742204979,1.861904184
1993,3369,6.616600517,0.737595354,1.890337148
1994,3369,6.632528648,0.905189208,1.963455968
1958,3398,6.538718527,-0.197197124,0.752587507
1959,3398,6.518557143,-0.136848196,0.839397398
1960,3398,6.497679558,-0.103288906,0.868781167
1961,3398,6.481730257,-0.061426927,0.967404364
1962,3398,6.470335,0.065361016,1.162907774
1963,3398,6.472346295,0.364791745,1.443695079
1964,3398,6.480964384,0.42878951,1.560750047
1965,3398,6.496624149,0.522801512,1.634226276
1966,3398,6.53306183,0.600928593,1.697219348
1967,3398,6.588238483,0.916883614,2.006848536
1968,3398,6.613115726,0.905127619,2.067681592
1969,3398,6.6807292,0.934979164,2.026576471
1970,3398,6.775822608,0.816997256,1.878775918
1971,3398,6.85971983,0.821916675,1.888744222
1972,3398,6.893656355,0.955123974,2.024546373
1973,3398,6.906354298,0.990201546,2.06976564
1974,3398,6.910351905,0.943445831,2.114653544
1975,3398,6.905653071,0.856450806,1.984528667
1976,3398,6.907555259,0.821531922,1.992464872
1977,3398,6.914631583,0.93557448,2.08493901
1978,3398,6.945628931,1.066246367,2.295708709
1979,3398,6.987490247,1.04287885,2.250299394
1980,3398,6.981748959,1.022216767,2.398060428
1981,3398,6.998235632,0.962894632,2.383952788
1982,3398,6.990992878,0.93051974,2.08115605
1983,3398,6.970917854,0.863388534,2.053055217
1984,3398,6.992555881,1.010254544,2.299893415
1985,3398,7.015443084,1.004164781,2.324711509
1986,3398,7.053585727,1.03526814,2.30523004
1987,3398,7.08815833,0.971536206,2.317867717
1988,3398,7.092989257,1.071188199,2.395987778
1989,3398,7.120848494,1.171225473,2.418735612
1990,3398,7.145038394,1.157467693,2.43554847
1991,3398,7.150779886,1.122127158,2.335408614
1992,3398,7.157813363,1.002680727,2.311105671
1993,3398,7.167886282,1.076881324,2.361290127
1994,3398,7.204818213,1.083143946,2.537500768
1958,3399,5.847016643,-0.826898083,0.121653511
1959,3399,5.827179353,-0.774645281,0.207145048
1960,3399,5.807842145,-0.736267565,0.235395721
1961,3399,5.792708684,-0.697415694,0.334185885
1962,3399,5.782285536,-0.562848362,0.531763921
1963,3399,5.786590586,-0.267042251,0.810797778
1964,3399,5.797879798,-0.20551717,0.929171175
1965,3399,5.816515745,-0.112113256,1.002190362
1966,3399,5.856217398,-0.033129671,1.065482617
1967,3399,5.914583503,0.284578093,1.373887989
1968,3399,5.942536873,0.272183801,1.435334611
1969,3399,6.012491914,0.301807128,1.394162879
1970,3399,6.11146734,0.183364203,1.245773443
1971,3399,6.198885138,0.190510811,1.25565611
1972,3399,6.236173876,0.211966373,1.391985936
1973,3399,6.315538817,0.516417194,1.63772678
1974,3399,6.397096308,0.451943165,1.656589597
1975,3399,6.474662004,0.287740288,1.45198062
1976,3399,6.527665477,0.460238032,1.710351993
1977,3399,6.573959458,0.335953357,1.631085329
1978,3399,6.598100226,0.484645516,1.777782977
1979,3399,6.65415252,0.371983558,1.859664326
1980,3399,6.658652689,0.363688428,1.735224131
1981,3399,6.685111603,0.421045063,1.735646116
1982,3399,6.693447576,0.171540496,1.300266765
1983,3399,6.69937718,0.307211009,1.57209106
1984,3399,6.728628613,0.403789175,1.973129993
1985,3399,6.749111186,0.415992388,1.864544024
1986,3399,6.762382626,0.641981679,2.03314223
1987,3399,6.793241892,0.592774206,1.98540555
1988,3399,6.864847778,0.581779478,2.094230129
1989,3399,6.910850484,0.529025007,2.015631487
1990,3399,6.93439721,0.512452998,2.067029724
1991,3399,6.959493474,0.344985811,1.82131241
1992,3399,6.985641818,0.467704643,1.996058742
1993,3399,7.001336693,0.495536356,2.065407767
1994,3399,7.033153688,0.638206452,2.327509769
1958,3315,6.634896135,1.033489893,1.950800513
1959,3315,6.619005971,1.161325526,2.117434419
1960,3315,6.647947743,1.111094634,2.033122617
1961,3315,6.631870016,1.104706562,2.034875347
1962,3315,6.631870016,1.128197131,2.036509098
1963,3315,6.65890923,1.1863342,2.143982313
1964,3315,6.689101633,1.243081074,2.243021835
1965,3315,6.723592027,1.353943032,2.383381906
1966,3315,6.765846033,1.416678096,2.415328376
1967,3315,6.810362933,1.445991283,2.473538161
1968,3315,6.946687489,1.475257324,2.604436777
1969,3315,7.020101339,1.508686308,2.645729675
1970,3315,7.053326402,1.51543701,2.471850372
1971,3315,7.076991596,1.462299323,2.48338504
1972,3315,7.096886928,1.594803087,2.655084914
1973,3315,7.112490431,1.730258499,2.813477411
1974,3315,7.163791874,1.728675323,2.973349814
1975,3315,7.202810106,1.540503257,2.651907137
1976,3315,7.234754214,1.650224595,2.788193015
1977,3315,7.25332883,1.659021964,2.768182988
1978,3315,7.29451316,1.725874003,2.843496653
1979,3315,7.327780538,1.741765676,2.89447257
1980,3315,7.360676328,1.646510849,2.771331534
1981,3315,7.376320374,1.651043588,2.758524412
1982,3315,7.371552186,1.245188933,2.396537133
1983,3315,7.356471429,1.274065689,2.403086775
1984,3315,7.347428558,1.313823976,2.508117866
1985,3315,7.359976738,1.23154155,2.352433241
1986,3315,7.336871807,1.239357869,2.339758001
1987,3315,7.326465614,1.404870747,2.655282136
1988,3315,7.330405212,1.503030858,2.79786412
1989,3315,7.397132522,1.499995171,2.733117034
1990,3315,7.451880273,1.485126094,2.737685996
1991,3315,7.449207096,1.402742063,2.626204554
1992,3315,7.451183611,1.414837578,2.680156608
1993,3315,7.448217372,1.465058202,2.824259272
1994,3315,7.469255005,1.445763984,2.951278405
1958,3316,7.46370722,0.526059858,1.623965682
1959,3316,7.443839209,0.731140058,1.913725362
1960,3316,7.439911773,0.776691602,1.802514201
1961,3316,7.390675133,0.702671989,1.698583844
1962,3316,7.359913115,0.808362757,1.890631474
1963,3316,7.34993797,0.880290274,2.022238877
1964,3316,7.351286588,0.969047841,2.00208422
1965,3316,7.332107563,1.106712203,2.23228604
1966,3316,7.338823154,1.145273086,2.274687611
1967,3316,7.348394462,1.208248932,2.113820656
1968,3316,7.532409463,1.260010983,2.254037289
1969,3316,7.540621529,1.291433333,2.29130349
1970,3316,7.537696384,1.102318053,2.302026458
1971,3316,7.539186618,1.016269844,1.940075962
1972,3316,7.524129401,1.375486937,2.509806499
1973,3316,7.513818353,1.456123098,2.623369385
1974,3316,7.521967471,1.494664668,1.821247651
1975,3316,7.552079795,1.044926228,2.074156048
1976,3316,7.554072872,1.216729445,2.442196897
1977,3316,7.544543726,1.414664492,2.623149713
1978,3316,7.538867469,1.485102485,2.777470548
1979,3316,7.53790941,1.496527591,2.790507613
1980,3316,7.529997046,1.336570306,2.334403156
1981,3316,7.52811669,1.348215174,2.346335925
1982,3316,7.510156846,1.056171602,1.987495349
1983,3316,7.480710274,1.123008309,2.418051665
1984,3316,7.446001498,1.131502419,2.682227192
1985,3316,7.43106268,1.01414184,2.38417255
1986,3316,7.39055173,1.026819972,2.435095244
1987,3316,7.505217209,1.307792133,2.783343185
1988,3316,7.532944766,1.338789275,2.987701418
1989,3316,7.533051793,1.258549632,2.818739483
1990,3316,7.545706824,1.222111872,2.676306767
1991,3316,7.530211719,1.143585414,2.627268151
1992,3316,7.522886863,1.17425368,2.678997927
1993,3316,7.53203458,1.261354727,2.811647647
1994,3316,7.559090392,1.256260244,2.849651063
1958,3317,6.854459982,1.314131936,2.320992254
1959,3317,6.839155187,1.423433632,2.564130994
1960,3317,6.884281923,1.388656626,2.421509073
1961,3317,6.890812558,1.357420037,2.306270971
1962,3317,6.925889849,1.377055763,2.361857322
1963,3317,6.972606251,1.344156225,2.298245917
1964,3317,7.016968364,1.394900591,2.276664682
1965,3317,7.066210965,1.439479016,2.516988529
1966,3317,7.101593596,1.521730872,2.581030107
1967,3317,7.137357925,1.564740036,2.540003636
1968,3317,7.183111702,1.554988554,2.514804167
1969,3317,7.22417057,1.589302903,2.487881764
1970,3317,7.245655068,1.377286672,2.417908353
1971,3317,7.252337399,1.307854136,2.382821373
1972,3317,7.238209443,1.488947644,2.512774741
1973,3317,7.242797923,1.633679102,2.686965251
1974,3317,7.275033806,1.680542838,3.046211748
1975,3317,7.297158754,1.567947125,2.86303399
1976,3317,7.311351976,1.425759748,2.573952392
1977,3317,7.329421766,1.739947295,2.834619588
1978,3317,7.402573465,1.822719422,2.905079715
1979,3317,7.423926589,1.83200199,3.023898363
1980,3317,7.462272376,1.736422453,2.919801419
1981,3317,7.496818906,1.819106652,3.198773615
1982,3317,7.510211594,1.684997393,2.653071963
1983,3317,7.527740194,1.4268652,2.380731994
1984,3317,7.545284036,1.39910687,2.549088391
1985,3317,7.535937181,1.32391487,2.442677577
1986,3317,7.491645474,1.214292386,2.413943941
1987,3317,7.466227556,1.304541859,2.599499417
1988,3317,7.444716376,1.399294573,2.918635424
1989,3317,7.461238012,1.343729042,2.797727474
1990,3317,7.453735669,1.39598971,2.728534348
1991,3317,7.468227843,1.401038485,2.594082219
1992,3317,7.463879263,1.456439076,2.672776072
1993,3317,7.456916609,1.520298338,2.715995333
1994,3317,7.466570747,1.539273048,2.814344323
1958,3321,7.968907969,2.709298193,3.36968738
1959,3321,7.987150769,2.924755552,3.571056444
1960,3321,8.012945883,2.868118904,3.521981827
1961,3321,8.051404666,2.812677613,3.464068171
1962,3321,8.083236012,2.919220495,3.602841592
1963,3321,8.121599203,3.001001263,3.674068979
1964,3321,8.17004416,3.117755441,3.806480444
1965,3321,8.277615334,3.211188341,3.929400141
1966,3321,8.404226041,3.237498359,3.95549001
1967,3321,8.510531049,3.178287895,3.860286257
1968,3321,8.589141691,3.225688598,3.930951491
1969,3321,8.63161057,3.295041482,4.008918534
1970,3321,8.694853903,3.195079181,3.864043461
1971,3321,8.746795838,3.19544432,3.901157923
1972,3321,8.793703087,3.306856534,4.007832239
1973,3321,8.83251475,3.460711172,4.150808463
1974,3321,8.908221252,3.42028208,4.163277505
1975,3321,8.985432766,3.269494508,4.096209929
1976,3321,9.046632501,3.337145061,4.168233376
1977,3321,9.086012214,3.379302224,4.250608364
1978,3321,9.14361279,3.483198387,4.303740043
1979,3321,9.202227552,3.443434584,4.247164187
1980,3321,9.245504793,3.217264592,4.047735811
1981,3321,9.280034331,3.200295222,3.947669658
1982,3321,9.286634524,2.840711806,3.65732192
1983,3321,9.265737235,2.875214776,3.664630499
1984,3321,9.24838732,3.025816369,3.873911744
1985,3321,9.234115491,2.93609412,3.737650407
1986,3321,9.22177475,2.852368277,3.658897209
1987,3321,9.212258531,2.877061344,3.699918301
1988,3321,9.201037232,2.970492675,3.767439443
1989,3321,9.19282792,2.887483996,3.671297136
1990,3321,9.176349161,2.81985996,3.607101869
1991,3321,9.154743092,2.697585808,3.45920893
1992,3321,9.13372927,2.770554251,3.599649896
1993,3321,9.116908427,2.823279697,3.711150586
1994,3321,9.101139157,2.899044382,3.786496771
1958,3324,5.967171855,0.287974727,1.008956706
1959,3324,5.985446475,0.491218311,1.239231572
1960,3324,6.014692673,0.425970419,1.117975395
1961,3324,6.025141073,0.341584192,1.039633343
1962,3324,6.038109555,0.47189052,1.191285927
1963,3324,6.051853847,0.634157205,1.371911693
1964,3324,6.081305251,0.779385408,1.477095334
1965,3324,6.16898292,0.855397775,1.5738801
1966,3324,6.210600077,0.934913266,1.686705233
1967,3324,6.233822317,0.842870254,1.578797775
1968,3324,6.26435019,0.773980018,1.521409219
1969,3324,6.261491684,0.843744553,1.648340089
1970,3324,6.315177153,0.691519598,1.458106078
1971,3324,6.312641839,0.58753705,1.379455287
1972,3324,6.311553304,0.433925792,1.454249144
1973,3324,6.326864781,0.495539609,1.500340828
1974,3324,6.355760378,0.715757756,1.777465488
1975,3324,6.358881588,0.433550636,1.537175466
1976,3324,6.409681339,0.378264449,1.527897801
1977,3324,6.407869595,0.392221939,1.527783775
1978,3324,6.401253627,0.563696652,1.655263422
1979,3324,6.391079242,0.806699365,1.935340019
1980,3324,6.410668181,0.829666955,2.018399661
1981,3324,6.437271535,0.759265042,1.989660981
1982,3324,6.406549899,0.836685847,2.007194159
1983,3324,6.41460584,0.765652612,1.892329065
1984,3324,6.413786772,0.938121686,2.067149265
1985,3324,6.418364936,1.048297909,2.128914056
1986,3324,6.462405237,1.045457456,2.209467781
1987,3324,6.47589486,1.165024054,2.291321901
1988,3324,6.517228043,1.169566143,2.208579309
1989,3324,6.542616042,1.161941972,2.18311511
1990,3324,6.561878962,1.140990048,2.226338013
1991,3324,6.571163035,1.117892853,2.208932934
1992,3324,6.584238754,1.212409633,2.286090587
1993,3324,6.586309576,1.073221925,2.216416754
1994,3324,6.597554895,0.953356707,2.181482674
1958,3325,7.35953129,1.679631031,2.399815796
1959,3325,7.377946391,1.882381495,2.631156867
1960,3325,7.407439062,1.816820597,2.508830768
1961,3325,7.418060768,1.733391584,2.43141385
1962,3325,7.430469947,1.863489933,2.582232661
1963,3325,7.444365602,2.024468532,2.763325519
1964,3325,7.473977766,2.170242515,2.868309289
1965,3325,7.56112159,2.247569422,2.965232641
1966,3325,7.603149932,2.325866744,3.078416487
1967,3325,7.625936477,2.23477797,2.970471045
1968,3325,7.656573657,2.165024982,2.91284498
1969,3325,7.653826923,2.235766134,3.039624683
1970,3325,7.707197538,2.082482191,2.849666055
1971,3325,7.704766857,1.978762735,2.770695809
1972,3325,7.703368791,2.107309632,2.8456557
1973,3325,7.704676718,2.19013533,2.860815526
1974,3325,7.7445265,2.252647238,3.081132948
1975,3325,7.762851227,2.284258281,3.208022007
1976,3325,7.812863721,2.24327905,3.161319564
1977,3325,7.915129087,2.320854127,3.211297604
1978,3325,7.948385285,2.373155699,3.253635103
1979,3325,7.971845134,2.484272702,3.390184139
1980,3325,8.000718307,2.414121583,3.322892014
1981,3325,8.027965967,2.237663051,3.130020006
1982,3325,8.00836557,1.764672619,2.650016256
1983,3325,7.991355448,1.440295431,2.217704303
1984,3325,7.968250246,1.509146851,2.450054065
1985,3325,7.950361431,1.346076442,2.270878792
1986,3325,7.922732303,1.178490897,2.076937147
1987,3325,7.892601453,1.328135447,2.307473127
1988,3325,7.861149099,1.452280944,2.476030486
1989,3325,7.835341971,1.486603048,2.549692573
1990,3325,7.81290417,1.470604927,2.493491505
1991,3325,7.789206088,1.421292342,2.428402285
1992,3325,7.76416861,1.282507422,2.359572766
1993,3325,7.737529057,1.322968414,2.417692074
1994,3325,7.705487675,1.389388979,2.499281214
